<?xml version="1.0" encoding="UTF-8"?>
<configuration>
	<include resource="org/springframework/boot/logging/logback/defaults.xml"/>
	<property name="spring.application.name" value="customer-service"/>
	<property name="CONSOLE_LOG_PATTERN" value="%d{yyyy-MM-dd HH:mm:ss.SSS} %5p [${spring.application.name},%X{X-B3-TraceId:-}, %X{X-B3-SpanId:-}, %X{X-Span-Export:-}] %m%n"/>
	<include resource="org/springframework/boot/logging/logback/console-appender.xml" />
	<appender name="stash" class="net.logstash.logback.appender.LogstashTcpSocketAppender">
		<destination>localhost:4560</destination>
		<!-- encoder is required -->
		<encoder class="net.logstash.logback.encoder.LoggingEventCompositeJsonEncoder">
			<providers>
				<timestamp>
					<timeZone>UTC</timeZone>
				</timestamp>
				<pattern>
					<pattern>
						{
						"severity": "%level",
						"service": "${spring.application.name:-}",
						"trace": "%X{X-B3-TraceId:-}",
						"span": "%X{X-B3-SpanId:-}",
						"parent": "%X{X-B3-ParentSpanId:-}",
						"exportable": "%X{X-Span-Export:-}",
						"pid": "${PID:-}",
						"thread": "%thread",
						"class": "%logger{40}",
						"rest": "%message"
						}
					</pattern>
				</pattern>
			</providers>
		</encoder>
	</appender>
	<root level="INFO">
		<appender-ref ref="CONSOLE" />
		<appender-ref ref="stash" />
	</root>
	
</configuration>